temperature,humidity,appliances_in_use,time_of_day,energy_consumption
20.618101782710436,41.10797573031718,4,evening,87.9411255306835
29.260714596148745,62.514056842701486,3,evening,86.4696040987683
25.979909127171076,82.37675015258449,3,evening,91.12082622536327
23.979877262955547,73.93349318457368,3,evening,77.34020803084721
17.34027960663655,78.39366887168698,4,night,88.24796039175637
17.33991780504304,69.52700200264304,2,evening,70.83431215948372
15.871254182522993,71.53659387107115,4,morning,77.55021955635183
27.99264218662403,80.95173909391916,2,evening,78.99878515819903
24.01672517614813,44.98008053155115,4,night,66.62121058304783
25.621088666940683,59.36549781858843,4,evening,92.66345773645023
15.308767414437037,43.27256650917613,2,morning,45.489296119060995
29.548647782429917,89.26008047979883,3,night,74.78899660593693
27.48663961200633,86.64356038119679,2,night,62.12459198927275
18.185086660174143,32.365608682110356,1,morning,44.3656678096698
17.727374508106507,72.33451035094131,1,morning,47.41772339087171
17.751067647801506,85.51489904493995,2,morning,72.19864208696524
19.563633644393065,40.83452070764001,4,morning,69.35316571922705
22.871346474483566,64.07671383315777,1,morning,42.121897599224376
21.479175279631736,84.92929785528251,1,night,50.635754796657324
19.368437102970628,32.03675871514793,4,night,75.4743042660644
24.17779342083569,71.84521603481039,4,evening,92.86297063117763
17.092407909780626,47.840940442353045,3,evening,70.15704960514321
19.382169728028273,85.46377172259182,4,afternoon,86.13030751005562
20.495427649405375,88.26349470992207,2,evening,79.23567591851703
21.84104976325554,86.65598934680604,2,evening,82.50431576518189
26.777639420895206,58.45285299944783,3,morning,78.16717175974658
17.995106732375397,81.72255905935882,1,morning,51.71547785504991
22.713516576204174,80.67296391210422,1,evening,58.92840903132317
23.886218532930638,49.146028394595334,4,afternoon,74.61959197922755
15.696756190799967,79.73492844904064,2,morning,63.070259163026606
24.113172778521573,32.220458082929554,1,evening,46.9039291830866
17.557861855309373,65.77619270892319,3,evening,73.72603416585642
15.975773894779193,43.80053023726218,3,night,62.84698542631767
29.233283058799998,37.23401314663673,2,afternoon,55.543583715538766
29.48448049611839,34.61719209775255,3,night,65.2913828544429
27.125960221746915,71.77732655268838,3,afternoon,71.30370140317962
19.56920653760056,50.39249782608397,2,morning,53.750349045596636
16.46508171009576,73.48600629172569,4,afternoon,75.65717702122406
25.263495397682355,33.92138044793654,4,evening,87.25915388884607
21.60228740609402,48.91742026983662,3,evening,80.65261645761676
16.83057352267168,62.36947754252023,4,afternoon,67.89519071290144
22.427653651669054,77.44338989033781,4,afternoon,79.79928949197381
15.515827816728276,49.12515017592419,3,afternoon,55.012812685691
28.63980603118173,67.55348258622055,4,night,81.33582811942254
18.881699724000253,83.15866489417124,3,afternoon,73.97125948129968
24.937834265309732,66.95179129093827,1,morning,45.30622842144369
19.675666141341164,43.97756848521803,2,night,48.42180455060942
22.801020317667163,31.464046893392283,2,night,45.819937366443774
23.200654190149194,82.2059324340558,4,afternoon,87.29844347228607
17.772816832882906,31.27616465102323,4,morning,68.61597949692967
29.54376941646838,82.48210036105196,4,night,85.9078270498635
26.626992350416717,61.73622804163272,2,evening,72.71846894839517
29.09248412346284,86.34406191077377,1,night,57.71606021202722
28.422410256414732,77.92699414641993,1,afternoon,56.23102782050308
23.968499682166275,89.87604663200025,2,morning,77.3143242821759
28.82811352534675,51.04270892710261,1,afternoon,56.4291746997559
16.327387530778793,76.0312973358676,2,evening,64.47517678151169
17.93974293628718,54.11585481655453,1,evening,59.353290002505815
15.67840933365807,58.79253721823453,3,evening,79.53394860475734
19.879954961448966,67.6503277931022,3,afternoon,64.49375937489205
20.83015934534223,82.42062685118032,2,night,69.23515594679952
19.07023547660844,89.04500815195772,1,afternoon,63.9382797759543
27.43106263727894,76.0964048318711,4,morning,80.93172873697873
20.351299900403838,55.066006930040025,1,night,42.107937924142604
19.21401764531071,55.281420136624206,3,evening,81.27974219786013
23.14044124737373,74.25493809533349,3,afternoon,75.20417860641516
17.113863374621438,44.32662874609814,1,evening,54.61230168733778
27.032954711310595,36.62844678788368,1,evening,56.207957474022884
16.118259655196564,51.27732945844659,4,morning,75.39580826977298
29.80330404900776,47.2343394992449,4,night,72.43959323272193
26.58367153944986,47.778487227359406,1,morning,52.861970471039996
17.980735223012587,44.0164650629946,1,morning,48.04325709254354
15.082831756854036,32.525591378181716,1,morning,36.1521395715414
27.231921426822513,31.072436084004828,1,evening,52.72030678954339
25.602860157714257,89.26334338416189,2,morning,61.92489558132709
25.93510752061481,55.66638802415174,1,morning,52.2387439476421
26.569055200289185,53.0595988295809,4,night,82.06269445758959
16.110669776011356,70.77883696158419,3,night,68.97803089148438
20.37698592816409,43.09523327190385,2,morning,58.73882974500572
16.738035892876944,86.99767103701352,1,night,52.79793310264282
27.946551388133905,77.18070086493313,3,night,79.95051558301489
24.34947190241337,35.36466013873557,2,morning,47.68581229936678
19.963470372789736,55.0548465470957,3,evening,76.38042839615238
15.953375254290355,82.74709845372988,1,morning,51.92904587374996
19.664734825734932,86.68392133748462,1,night,56.96408342431756
19.877749830401207,58.044090674992184,4,evening,85.50446747353146
25.944092675070962,66.80468335264246,1,afternoon,52.35608836496988
24.563362070328196,40.02203676552451,1,evening,58.41852792202898
28.308191138644897,89.4701175682186,2,night,68.81130965359695
22.08322387742924,43.90030208300661,4,evening,76.1788170599232
16.793913689074525,86.56390644810753,2,morning,73.11404829999661
25.698671808344926,68.97879893954212,3,afternoon,80.45024597948753
26.411775729253463,66.46420769273155,1,afternoon,46.6838366969181
23.419157963542446,60.76131066099052,3,afternoon,73.38651120629436
26.564507699318415,43.84018870306552,2,night,53.91943660782215
22.40693394546586,40.591681920330494,1,night,44.69840762548738
22.840992440729913,43.22917254421052,1,afternoon,45.860368628695575
21.413115275378246,41.18629572865527,2,evening,61.890407354704095
15.381286901161427,76.7750684140052,2,afternoon,56.80433564685029
16.618371404899566,51.0075155500038,2,evening,60.158735105869624
15.471437785301013,33.47056059380378,2,evening,53.19592749338543
24.546156168956706,88.14615780844868,2,night,64.55781438586072
19.7153397161449,83.02715309780554,1,evening,64.42992433716734
22.62856036747054,85.66513699171279,2,afternoon,63.435021335695346
28.613497108891394,89.69446935878611,1,night,64.62534969064463
18.739383437233123,40.433714953169236,1,morning,48.93603698124697
21.155743845534445,53.77452113415953,2,morning,53.80996205616487
26.33326707814573,75.49430854224548,2,night,67.0119486044234
18.431972482374338,71.76123708322754,4,afternoon,83.24278291767011
16.154698647431896,39.233754380391304,1,morning,42.207486992429715
19.34627179370652,78.94998749943707,2,morning,63.73790848626482
17.418319308810066,43.46643431019964,2,evening,65.46250203926354
28.945464785138597,43.42905688935738,2,evening,69.9126942227798
27.121805693466253,62.218465373604815,4,afternoon,76.03813034717808
24.501056347656352,65.57639609050219,4,night,86.26922732292519
28.071908852815767,64.80517247026867,3,afternoon,77.91396035382219
27.055081153486718,35.489210243865294,1,night,40.35787312901004
17.798550883290538,82.64765175782281,3,morning,73.88326014623011
28.388384977349666,45.93600255532236,2,evening,71.3916382193269
23.090133628734762,37.77089527696825,4,afternoon,71.82976629956104
27.111602327460936,83.32488479213863,4,afternoon,93.91815684020212
28.4413694988524,87.3390898937852,3,night,92.24177419065856
19.77005212457796,81.72765703592704,4,night,80.47339300989218
16.65077886791515,78.57096448349269,2,afternoon,54.99145576323651
18.419027438129124,69.3145188383413,4,night,81.52296234859132
21.406616829393844,63.05144223654836,3,afternoon,73.22655361129215
27.270221488837397,35.21920559468461,2,afternoon,53.04654055360023
27.910958748845154,54.50719278424192,3,afternoon,77.57394052630032
15.10428195796786,52.36131102073884,4,morning,66.56750528658934
22.661209538663485,45.585227025619574,3,night,68.47076599217566
21.261165047231685,73.40520682131509,3,evening,79.62284046621589
18.331617157060954,59.75254410472625,1,evening,65.68846134098483
16.797980510005242,34.862772954458876,4,night,78.82039890718087
20.06422757105442,43.21099211698868,4,afternoon,69.16212848170707
29.143645558687787,70.99552581957576,3,evening,83.12269484567372
19.848043980311328,34.56785156941801,1,evening,54.592316895880074
22.781859326150492,81.07241484292612,4,night,83.77700086700551
25.545284383427667,59.70879162083846,2,evening,70.45822358830418
20.45444403568941,58.83519463959888,3,afternoon,68.00472251243642
29.57673124081441,65.54446707957106,4,night,74.85333996329024
29.43670942413167,79.48085795550895,2,afternoon,68.49342336824733
18.776734437380462,50.86855247413158,4,evening,81.20029409060884
22.45872758838578,70.68096915354381,2,evening,69.96804042825718
19.513174647251546,63.94391783974746,3,afternoon,76.15792269289409
19.272607415662016,46.02169621016528,4,morning,67.16027809948432
15.553304210317991,82.71779918130949,4,evening,96.65801779329172
24.143465009698453,77.8455612964157,1,morning,54.03058624211489
22.54018534843292,69.50711007950554,3,evening,80.72342485558895
15.77218126874984,81.03490374565452,2,morning,66.14842123832983
19.179696963549173,82.03765205758813,4,morning,85.90140057189548
28.623988289499806,72.50177860290208,4,morning,88.91559271171818
18.593428360004587,80.22079970182033,2,afternoon,68.2038773932127
17.173423081368348,71.84828770015702,3,morning,68.48465593481465
22.341791404163445,70.80844630561802,1,morning,49.35224592122837
29.78475681165901,67.11668269291106,1,morning,49.60163058091383
18.630829072672505,75.16299837345846,4,evening,87.737261398479
25.08203321108818,39.51630631758442,2,morning,69.14138062736305
26.424294229930766,82.85224555193571,4,evening,104.29121868423003
18.564563159885996,82.31061166471392,2,morning,57.22009324831706
25.923245229177894,31.75483698207355,1,morning,35.87578392549316
20.516746990788796,79.54900503388576,3,afternoon,76.53240531415258
24.48458745890369,37.73219204840671,2,evening,66.29827533086369
24.50294566141342,50.10713125554851,1,morning,50.02803138395809
23.036620261121378,74.61049537749646,4,evening,92.62667977604114
16.354346550816125,39.64559376289849,2,evening,59.44358010426311
27.52953743383857,79.07802144714373,3,night,79.12757277185919
19.811700974576038,79.92805067746451,4,afternoon,84.31373072199402
17.797777655997812,60.44806402565017,4,afternoon,65.93680617195628
15.611627123321458,30.383152303010014,1,afternoon,35.771761099687765
23.863394147823627,47.22228799049476,2,night,51.84135129975868
25.163465427634236,67.01561510254453,4,night,83.56247433912303
15.248817433917843,88.87117068164541,3,afternoon,89.2120549344696
22.681395874489215,67.9088116210001,2,night,63.550749750916154
18.39743662796907,45.588214863849586,3,night,61.30753434227743
24.677591856141746,68.04034218597668,4,night,87.35990609375014
17.61549643507487,62.39912278295133,3,afternoon,69.9409244884689
25.36406607153699,76.79072370906862,1,afternoon,57.819722600748285
20.801030194508062,36.4188383296175,3,afternoon,64.36041956221763
29.050949831051017,75.66167415012168,2,night,77.50669498470972
17.0628141621899,62.47599472056662,3,afternoon,61.619763320635364
20.115995265753877,87.77952023153968,3,night,78.76001408639611
16.702102818608836,50.51232996232116,1,morning,38.87284474809307
28.87040427417844,67.9573135880369,3,night,77.59995944521152
28.160090300714714,85.92168633060105,3,evening,85.2631184921072
18.869124415727335,36.15058367944076,4,afternoon,68.19290324367047
24.899760690512686,86.23370923418707,4,afternoon,86.84454354432293
27.258333003018237,71.27314333804881,2,evening,79.8901930996473
23.328012173991937,34.07022354631032,4,night,76.47734537060114
22.944758675340097,48.057814016808976,4,morning,69.66113666048082
18.627784363506777,72.4903253187169,4,evening,91.33566033236771
16.396541517088487,34.041036088126305,4,evening,74.86268231123627
28.458236369299904,64.9302276105764,1,night,47.4156619144462
28.506270857449955,50.752983417177404,4,afternoon,78.39394520175634
24.49652185909902,67.25493106604863,1,night,50.882326307084995
20.08544686573051,32.74452202875077,1,evening,61.999662473218095
20.238143619189913,82.29220836914257,4,evening,96.97153344714121
25.88933518305359,88.4093381506438,3,afternoon,72.57938153294874
28.456653899288657,88.13267131714149,1,afternoon,57.84425832393206
28.30629636397676,74.97910990457548,3,afternoon,81.75379763050802
26.698133187864357,37.80517440783792,3,night,75.13283278063318
24.630474692314316,75.49579175574135,4,afternoon,77.03405831168976
16.262099474925733,31.47521498752809,2,evening,48.17399230802607
17.424430711419205,31.327413091739835,4,evening,87.46526516009047
28.478312827906187,49.41661314897247,2,morning,61.01221124549935
24.09643589489385,59.318591424279944,2,night,55.50233171534908
15.137955774249445,76.22444506846759,4,morning,83.10945683827717
16.522073142990482,70.9977225963903,4,evening,76.38161465532794
24.952526536620837,56.7541623826049,2,morning,59.519389516077695
15.07592375769328,46.41759997689995,4,evening,83.10234773613205
17.41212077126248,89.82747000946267,2,morning,70.2756520861592
23.231006840498793,55.57087813415838,3,afternoon,63.21728709903422
25.3784279653904,57.08322145978053,4,morning,80.24261622764615
24.779418892539006,39.81742927150015,3,afternoon,59.70781509742161
18.3640396419084,77.68857292499575,1,afternoon,53.76551047682451
25.68268832021304,71.62093354688932,3,night,69.8508926123582
18.558736312452,43.24617676732562,3,afternoon,60.21271699062258
19.880995472389017,34.94286273695056,2,afternoon,45.44427958332853
26.197371076770363,70.82995812448279,3,morning,77.60335418484829
24.74449348570822,69.27067285686812,4,evening,97.44570418319786
27.73835115741267,46.395571619892564,2,night,56.61474421488703
24.86419338450515,87.05181373502462,1,afternoon,58.738830787560104
23.524629050032075,39.06347350685401,4,night,66.23839950390452
16.40512151742139,55.940088062556114,1,morning,43.48620393744359
20.515737045891502,86.61695521005593,3,afternoon,75.9919320007538
18.978035515225884,55.18363901556734,4,morning,89.14807491743302
18.659844650686253,68.31155685984513,4,night,74.26355425442586
29.595158321286682,53.855663877767654,1,morning,58.275164517735824
20.896465870001407,46.452912140920205,4,night,79.36840044460581
28.3806983276567,89.0386588775897,4,morning,92.30512884955594
24.467079389958943,54.560040378902585,4,night,87.39465422962591
26.922169553124725,83.64595222074806,3,evening,90.41539780582109
22.539556396577883,43.79727635346517,1,morning,46.35475708266814
23.653558269395386,42.786282241505,4,morning,74.39706054206145
22.38776540728296,31.86804497307068,2,evening,66.87214060765582
17.928644816970667,69.10000952255311,2,evening,75.17667143430569
25.83678172892258,52.11158062342567,2,morning,55.42347861400793
19.211585436612836,81.86149499037822,2,evening,67.56800524242604
15.364739496471808,58.392594401493426,3,afternoon,64.18524488170564
24.682084438607518,88.09160567488331,4,night,84.76833109978051
17.656660191105736,41.13153094218727,1,night,40.85016650513227
29.106878765293715,82.11739007733664,4,night,95.37584707926855
29.308928655038812,76.59581116750451,3,afternoon,75.34669940233681
28.72296585330673,76.25531067864313,2,evening,77.02395922368842
20.552380503831664,80.68699368701326,3,evening,84.77240203206179
15.231849247933011,75.66143945657993,4,morning,84.5565108719669
28.92477843881588,67.57321929788492,1,evening,53.49990833885038
21.422762224759715,37.87469266094325,3,morning,59.04028743683635
29.499822285655043,31.951570769475115,1,afternoon,45.39180083506742
29.45429965633879,85.2508708689412,3,night,86.30280587098606
27.7951418320104,66.99901887124429,1,night,51.53776433984746
19.416733381043784,77.79223745857058,1,night,43.6632743978837
20.77646592902888,58.891341090753,2,evening,71.15419252157102
27.767050072752852,37.038491337743665,1,morning,41.81826049357138
19.753830077344166,37.511147532153025,2,morning,45.18192600286618
17.542391200291387,71.13391723373829,4,afternoon,76.98964382170105
23.352018936875254,55.818353693967765,4,evening,87.49888878834871
29.042321612411715,42.0314836020202,2,afternoon,54.10688256412086
25.440446950124596,59.49567280448621,2,morning,49.541095030912814
23.550917551340476,33.85253622450804,3,morning,66.4165506274583
16.457647406561527,64.91828411486392,3,night,74.07868414413355
24.225108400487546,46.13960426610586,3,evening,79.21204543677305
29.85080775156395,77.85354603823129,4,morning,82.59303933512729
17.10126022854786,48.621717535414426,3,night,62.12968770516067
22.77494478545605,57.31320894490807,1,evening,58.54882850005316
28.160596078919333,30.697232394486036,1,afternoon,46.283439705615024
26.111529266313067,34.34681326767353,3,evening,76.701511057049
25.455236114929022,53.549613384401084,1,evening,55.12163307889236
25.53726125980664,58.796330083027414,4,morning,80.81750743687934
20.392367268296326,66.00123288715822,1,morning,52.28295552337184
19.4038776639674,47.499754722558194,4,evening,91.230976859485
27.140417332177705,71.69891316759255,2,morning,68.60241531549023
27.15170092018771,81.60734383135227,2,morning,72.00333704637713
28.006084778701556,76.791059333601,2,morning,67.45949332907789
28.698608288347067,32.37712952090143,2,night,61.11473872646148
22.67013598291407,58.830416835469734,1,night,51.03300702189544
22.522744420307994,36.29581070509049,3,evening,67.84467587081329
26.974427684501627,44.522700951751645,1,morning,53.86087397840226
24.749458961666477,89.19975559602878,4,night,92.62417252233702
25.529503158865552,38.5497325740908,1,evening,52.1144512460176
26.936890041541517,59.933289207081366,1,morning,49.050966945898956
28.350080127263496,67.08934405908715,4,afternoon,85.7847210070617
20.069927352773036,72.14789823264624,2,morning,63.99525712251831
20.63374428959916,63.578921009214845,2,morning,60.37700977572007
16.409729097613035,30.58625084515102,2,night,48.93728316956625
23.67420211494261,49.58767849463951,3,evening,85.21319147874506
15.539134106951131,61.06269860308269,4,evening,91.44609239557481
21.9839702719869,35.27198994869,4,night,72.52676007692557
23.13966952061365,51.037615872550845,1,morning,51.587672425909496
19.298118781924266,31.992186527481994,3,afternoon,54.08409583156903
23.862498908535162,34.71470982930124,2,morning,54.335297652792
15.457503749085742,53.815396572095764,3,morning,72.91990259483714
15.560222831238216,37.96294524258362,4,afternoon,68.07876551143232
27.339008409894873,64.05245089569348,4,night,78.64706983056006
20.402859621168943,71.36789814823595,1,evening,58.35135481208996
16.90590768977827,78.03520194654497,1,night,46.415349242140685
22.833648900822066,42.009014654688606,4,night,70.0957193061791
26.54990329647916,40.04895493554419,2,morning,53.43709763595269
18.23731541245265,36.274070420064014,2,evening,52.97304373635232
24.343357137285004,68.1858149726182,3,evening,82.70551473017598
16.28021197490652,72.38854358921407,4,night,84.36805493315072
15.775225817529115,31.895168689538522,4,afternoon,62.917382614891515
22.97031947352222,86.17273477462139,2,night,74.93339978735636
23.109526824151597,33.118277019088346,2,afternoon,54.04420696044028
24.5614485224731,62.47778011806423,4,evening,96.17696122477611
25.891370005839924,72.54363116705498,1,night,51.41960158377577
29.637781191938018,82.25814742476513,4,morning,93.76896095873163
22.74450522451793,72.84521592794567,4,night,77.76614788866611
19.84434709411869,78.10368498418751,2,evening,77.80451654649814
26.927792921530553,50.367011552568364,2,morning,59.43319662550344
19.062483768931113,78.88950682479074,1,morning,55.9643500318267
21.584571310584543,34.806890783080505,1,afternoon,35.35637986209216
16.17684572013399,83.68899936363167,3,morning,68.71977345777347
15.380261151231863,62.85554256922418,4,morning,79.53293443765011
29.439726220168875,79.03786619774962,2,night,63.68948294828833
27.539701807683088,57.13909707109801,1,evening,63.227611485666564
25.43961309140547,68.6146617117915,3,afternoon,66.46851602693896
21.134294166214048,61.58415965616679,3,night,73.28326604329041
17.599414801062686,73.89537130531991,2,morning,54.80570221828478
17.346555640066292,34.897798921835374,2,morning,51.904117184981374
18.75364347246893,33.62112503943383,3,afternoon,62.59131391629462
23.238399970591807,44.82619404060878,1,evening,51.583199105330664
25.718938840500932,39.5726808067913,3,afternoon,67.6414064977115
24.90296065076597,82.3070139955321,4,night,88.44579584071039
19.19900845418914,43.15283924148266,4,afternoon,69.85114671857568
29.32297920994791,88.55191534914788,2,morning,66.18429078933728
26.068453750436525,50.213747506266415,1,night,38.28522266873529
23.31531078767101,40.927074941321955,1,morning,45.684028112730566
24.175811193515283,77.38191042854875,4,evening,87.47846486851198
21.29400093641685,69.52246653005257,3,morning,71.98046142443073
18.715964842517362,59.89174298718834,2,morning,56.008264237003935
20.339590179768923,63.321813056257874,3,afternoon,72.5620528839528
26.367691656965537,73.15210669633584,3,morning,73.6192503399342
15.215902329446338,43.70728447987793,3,night,59.07289757695109
16.741089607603744,89.78003496340452,1,night,58.9639088142647
15.690039630326291,88.487589728807,4,evening,96.06658687922582
15.610932034784552,69.01954118081622,1,night,50.09210815755103
27.831908760165106,41.972547055748706,4,afternoon,78.8540564458498
25.554867890700358,70.81369454587748,2,evening,66.34368169307788
22.11260743630988,34.33190453875055,2,night,55.13981847971502
16.46751240976502,31.839150132348365,3,afternoon,60.84784521465503
22.374238126752484,45.46097331067282,4,night,69.7419954136956
22.102076561708486,57.75737740435898,4,night,77.15784913379092
17.598028048650228,82.09635032450282,4,morning,83.2313826835378
21.507774738569594,73.63014418597848,3,night,72.17044670306967
20.977571015960603,74.56239127199886,3,night,74.52680272242263
24.237751470783245,55.52960006688452,2,afternoon,65.9345896646129
24.526404763014657,50.75609955281777,1,afternoon,52.8988658857168
15.679560146580668,52.262325779076164,4,morning,66.95738183985615
20.619189219397068,89.25897382416346,4,night,90.19763670847782
24.387898735713545,32.406551484748945,1,morning,48.560581410958505
22.547043878701317,82.02188976734692,4,night,87.81413147300074
27.847347617824834,64.7205245143436,3,evening,88.79473328914533
24.880404474284177,56.31692515137543,3,evening,89.39663201105854
17.444016406221444,73.51545962490819,4,morning,85.89519382111808
16.058531211006446,59.200136485482176,3,morning,67.03584952935651
24.636289173094735,82.40539428489964,3,morning,82.26520524244103
15.397669658124327,84.04211184067552,4,afternoon,83.63590754674928
23.78663371910195,55.30325561240733,2,afternoon,58.60380875969795
29.103453621374364,46.60966783410309,1,afternoon,46.77755598234944
23.632112668138184,65.54101971560173,3,morning,79.29542904291016
20.822548893097828,84.74180073700145,2,night,61.741671337939344
24.649323276635297,42.63973134033999,3,evening,82.77841966381023
21.873793357372747,67.37799501380897,3,morning,73.64961580153093
23.184251839739026,67.89361320555123,1,afternoon,44.96367900752517
29.12197213164788,73.98678134491686,3,afternoon,78.5952669342561
20.791539567011615,37.894061107635586,1,morning,31.263855577538358
29.41785845735871,72.94949788092532,1,morning,59.72131867711213
28.580259629340958,84.54195123993847,1,afternoon,64.07887260159697
17.936867021839447,40.78098653221452,2,night,48.24094969232382
16.040419513127482,44.25259949543266,4,afternoon,71.91372808497145
16.5116700206614,88.28370564249838,2,afternoon,74.51173387183164
15.273327384773246,40.85861716256939,4,morning,67.36551531984774
16.416644411338925,81.26310560217475,4,night,77.29271595103889
25.245101601245352,59.53667138688209,1,afternoon,57.89186922900029
16.067829726903433,44.833864464190626,3,afternoon,71.29701015536287
19.78463445440642,82.24499407635068,1,evening,64.58429380934764
27.67312966454182,56.71831530015993,3,morning,75.90937459936067
15.349079036037388,60.88904123578141,4,evening,92.64863146640752
27.217027238834035,51.55400216398594,1,evening,55.362293105920884
19.227821621601,65.57705108609565,3,afternoon,66.86049695978986
16.772472414324845,39.81143235510137,2,morning,56.48403847946651
25.45105748046226,53.46489219910564,3,night,77.19006779350538
24.43414270169826,88.16473934011725,1,afternoon,61.48089745375608
28.162080202905795,45.48800596206765,2,night,53.32837012256292
26.026065657058286,69.40419987247753,3,night,83.7695983487696
27.05221395577273,49.511403853481696,3,morning,65.72467364487105
19.2305185885696,76.40838754119605,3,evening,80.86208665078637
17.661593156695844,37.85241964310099,3,morning,61.89821164372633
26.259221274612877,88.18926270471269,3,night,87.35719155229411
27.10252108900896,57.22737248301836,2,afternoon,64.98935217217111
29.8575771300101,44.16302780078784,4,night,80.25202440705095
21.189265153671396,34.409804839800756,2,afternoon,53.234016679366455
20.580271286891747,40.18547430525244,2,afternoon,52.56335127823893
26.646194411129954,61.186436913361064,2,morning,64.46972585216582
20.11205310379527,50.22019058587718,4,night,62.47428333918928
28.961359884053472,79.73300195295657,1,evening,66.91754323256471
27.876191277645177,55.85325141970836,4,night,81.900680739319
21.434910410625275,44.92285635525779,2,night,48.43924169379244
26.26306601687246,67.0286991962418,3,evening,85.17175935636656
26.318143111270235,72.40663301312675,3,morning,73.85870535464254
16.54685803253899,40.02251447405699,2,night,59.05756185006404
28.538293600193498,40.05715297729906,3,night,74.15139131936076
22.578785586717856,32.20028561601258,2,afternoon,48.62045063257189
27.396861991616124,74.18412090393844,3,night,75.19947870915611
19.800744015459177,69.8282716573083,4,evening,90.47911567688013
28.432848427443005,58.477852544988835,1,afternoon,49.50148259642004
20.838025181012448,80.65022693815183,1,morning,55.589205592092405
15.162564772204476,78.34020917700319,4,afternoon,77.29193479476524
28.580729646288955,65.12126186380513,4,evening,88.1736667075984
16.369300151792004,82.09627683079552,2,evening,75.927089244636
19.789704563856223,42.350472602206096,2,afternoon,55.747641983699
29.250929505762073,36.71517716386367,2,morning,51.61843910374017
29.25910720406334,46.18497669101937,3,afternoon,72.96182376315048
23.601568321849292,33.42521136535889,2,morning,48.670458924705656
24.47755818254699,61.87017168006192,4,afternoon,82.06565678548198
21.726682829674797,86.19634153769769,1,evening,70.82396393920898
19.39816157547097,32.36061244011058,3,night,59.23920169625009
19.92996818054874,37.32659484060161,2,night,53.436667103160524
25.087776841155577,57.13194169700611,3,morning,67.10132271024177
26.2856179415652,86.0325010516743,3,morning,77.97022636914441
26.873685655887726,48.96936629860503,2,morning,57.09835556312367
26.84427214191831,60.43408852130355,3,evening,77.81947089464903
16.368091545730355,32.494371543023526,1,afternoon,37.04848642019333
22.41630457053872,38.90059205772533,4,evening,75.13523840826822
15.863381400249665,89.19780737753081,4,night,82.23526417767356
23.242933234856032,87.90712178616273,1,morning,56.56922568642848
21.622957520600657,30.296398856064577,3,afternoon,58.6194996546428
28.315562741374496,87.10870712539435,2,night,69.08290627895167
20.263725188281178,68.34719626893002,3,night,70.32720047551894
16.756005246414087,82.07509767120132,1,night,55.39773951499776
17.144875230792536,57.28439133803155,3,evening,80.13034038746835
26.42265947576208,60.93576171475502,4,morning,78.2432321180662
24.273270949743917,59.33079481541521,3,night,63.91986964255079
16.516840141841854,70.01185545276627,1,morning,44.0517546455353
16.26160209172496,38.379075285378775,4,evening,77.20850902550148
25.5145369718868,31.798415392360678,3,night,60.53718651456906
16.091445095462902,48.47579649547146,3,evening,68.7384811653856
27.32790088935534,72.2808457641988,4,evening,88.86762085268785
25.593633407347443,42.1112071273769,2,morning,53.14957470451585
16.220231709628496,70.40594599949503,4,night,80.1390327552326
16.272565711277878,88.19472276643623,2,evening,77.56984701474764
29.79959367751763,35.6340429473651,1,night,42.80289445742674
20.614061936341805,70.35612709350758,1,morning,49.34887998550601
20.559632206003364,56.62501315827427,4,evening,82.63382850624741
27.191993508862538,82.08853526265032,4,morning,88.06536148135248
29.20872866075788,40.628987366843155,1,night,42.550917369477816
29.790015957343066,71.55755713356987,2,night,69.2279141849485
26.300672778884124,80.28691737888661,1,morning,48.30707914343749
20.643893782963737,86.6768531684414,4,afternoon,84.52685447975198
16.25251075048003,70.99488169737876,1,evening,60.930256580412355
26.65720373891155,59.83048584050564,4,night,82.19692020321999
23.376063746037076,67.07083441207283,4,night,95.27445051654287
21.363330138704644,82.1342990687231,1,evening,67.07095491280879
28.59531577642104,64.23658479832977,2,morning,58.5483603434994
16.66796223459227,31.82322358181021,3,morning,57.40362695639383
22.389376564362887,85.85692173041866,1,morning,48.070533133974784
15.170304671511285,71.37160506189366,3,afternoon,68.59363510783993
22.029909629911895,70.59080314663478,1,afternoon,48.02691547394259
15.84454913522756,42.94050914386303,3,night,65.38137868857349
16.782268744021078,69.53312821395943,2,morning,56.503371463220695
16.762893701656573,53.63186433924951,2,evening,63.8871765736269
24.738154531740953,69.07397862248953,1,night,49.91348164559532
26.19067318898135,36.39558181847944,4,evening,92.70826789930116
23.750531476457397,69.47071827618217,3,night,71.11026739049379
29.43258822711813,89.96482354623998,4,afternoon,100.86852639482707
20.62305869285556,32.892722331633365,4,night,74.25010485650911
19.28568129422791,88.63045105327905,4,afternoon,88.64230959977459
28.028986922841902,54.41447764337224,2,night,62.182502491020216
18.35393757779179,82.24520702023554,1,morning,55.81951738604781
29.44833809160917,76.94312904349641,1,evening,58.16874486212545
15.182317120347244,64.02097565920008,2,morning,55.403034287179864
29.548182400614586,74.30695255507959,2,night,71.29196682275277
15.647398679258641,82.71093367808086,1,night,52.39249352568305
28.367146705471065,54.24841929906198,4,night,73.43214990843626
22.915516636294498,49.62198969379432,3,afternoon,66.0823329733982
29.894471941789504,70.05560313381508,3,evening,94.48444449231673
16.106948471030982,78.47075651647552,3,evening,87.82915976813175
23.30781426601981,75.73710808659695,4,night,84.06501951215883
29.539538034286487,77.86881893151806,1,night,62.88766108188909
22.846467662552232,56.13499888877598,2,afternoon,56.43119839606865
24.440979572028937,79.0700529705013,1,morning,47.42214774303126
25.436230334769256,37.212543322236506,4,morning,69.2595482234078
21.818115971516598,62.669345877650976,2,evening,77.52430559159458
24.41337120126095,30.345519629887296,4,afternoon,69.94037608045015
23.764714678846502,49.47514979401622,3,night,65.50798238075303
28.517370157364837,51.98769209228387,3,evening,78.35580172499319
15.681695705121868,53.770361496555324,4,afternoon,83.49263924939257
19.214447843883455,71.72803240139173,2,morning,69.25542821916956
29.25617226114838,53.31348607622074,2,afternoon,71.71603312068108
28.353956758363744,56.921617357351835,1,morning,50.458237534387166
21.834851291785693,44.252647852459646,3,afternoon,65.67134244536622
24.30198896702305,52.39510749776041,1,evening,50.28631398573569
19.16071774471699,43.63617763578909,1,morning,50.05588429368659
17.82181739585642,34.39175542610662,4,evening,73.38953756942051
21.95547607409973,66.20691560288267,4,evening,91.92369053672782
20.30028342039079,70.09276791330097,1,morning,45.69145944602146
23.754841677763082,67.16942076057687,3,morning,69.08391293336112
16.166019554474772,57.80964262803434,4,night,71.23959041039919
29.615922114992497,52.78714681075379,1,night,47.6047287973433
29.793161167194043,81.80001897430952,1,night,56.740972760144984
25.47242571029618,61.144907108173086,1,evening,58.33834101297463
23.041445495161806,58.75091265778386,1,evening,63.31266610381759
19.642914244294914,31.538523948386143,1,night,33.758700341350696
27.20692529560423,50.474869657569386,1,evening,59.848630680142264
25.27096758830819,52.811737127151424,4,evening,94.56880069382731
17.43925409017337,53.92936685381403,3,morning,62.332455278663915
28.663907767407636,64.81034215363994,1,morning,50.18546207605779
27.338058643847535,62.016152803612705,2,evening,71.12125203710632
29.24699869937886,66.47430556760668,4,night,90.464417061775
25.8857926258254,75.8929956925277,4,afternoon,86.6813331754378
24.201227939036848,78.7791443229656,1,night,53.078285793370114
21.273645544359283,73.08738457358967,4,afternoon,84.98242140019674
28.9909272503102,87.33142175729608,1,night,55.18342940316181
27.990958342506126,31.093954960581698,3,morning,66.73046321164232
15.678280051592841,41.74667914101276,3,evening,72.40618030660909
15.39550461745878,30.453772498688526,4,evening,75.29484170264152
20.646950503170743,68.84848284927618,4,morning,76.78509111413206
27.158299961727494,83.88183293699922,2,afternoon,64.31029525054622
29.809141939724167,44.608937794577955,4,afternoon,80.96133898996501
17.256253366552922,85.6220726877784,2,afternoon,70.4596510020553
23.911960730282026,33.61604341737365,3,morning,58.85425465520913
20.713362849465323,86.06616160833086,3,afternoon,78.46846342498935
29.548715967219046,51.09736123437806,1,morning,39.6684312609126
27.631783847035628,36.08524970695299,3,night,61.71837818231771
27.574930570667068,59.15230555117954,2,night,61.377862286332885
22.030397396924556,45.40659406323048,4,morning,70.08875983252224
21.222292535064977,47.092374117715366,1,evening,50.056326628899114
19.101106078960594,48.43739789557719,2,night,50.74287462580902
15.845632449763906,78.1815538699598,4,afternoon,82.83824602750175
27.9708356438258,62.34967660051527,1,morning,51.7536757100356
27.193515136951163,48.67846194936022,3,afternoon,57.00913998665878
29.995765099291958,66.6200269986551,2,afternoon,54.38038988606718
29.94955255610858,72.96904045339161,4,evening,93.8311625247859
23.33147558403941,46.35744004401202,1,afternoon,47.86140273549107
26.534811227707657,54.81294609152109,1,evening,45.973765227683984
29.17148594823642,37.313165600216855,3,night,63.28104177342511
27.74471086016117,40.86896097208082,4,morning,73.50180443911773
18.710221526147965,70.86707123789897,3,afternoon,77.5569210254859
21.758162029651402,40.88630086173762,3,morning,61.219862214782665
16.937391227272425,61.50980302002361,4,afternoon,78.83658144334794
29.310765408880833,72.54277570334597,4,morning,87.12450111588153
24.0926195167632,36.41261538568463,4,afternoon,62.31726197505098
18.42964208255194,64.03873317773422,2,afternoon,62.26747707775492
25.075510266087853,45.393767022081825,4,afternoon,77.23286776694991
24.271923606868437,87.77561251425479,1,afternoon,61.0099887560836
20.37244077049261,59.01273880319548,3,afternoon,87.52123055838658
16.703363882994434,78.35955298650948,2,afternoon,51.43898313995712
25.073597933891996,63.01359252937571,4,afternoon,90.06435997456425
22.8046155135569,32.60475197128915,2,afternoon,49.746495751163415
26.58477587603459,67.98908253564134,4,afternoon,85.12575722072474
22.8024525166799,87.08420053239942,2,morning,67.29892519155356
27.7827225047781,66.09670920877987,3,evening,81.5991923480328
23.278602581617285,79.15133156560742,3,afternoon,72.53553611929708
23.414069573030794,83.05238780090447,1,evening,68.27029480465178
28.149804039875175,43.68478631693595,1,afternoon,39.594469431659974
21.052242993185956,42.7226903944936,4,afternoon,77.09582445254989
17.01022842675961,66.6588593310595,3,morning,66.42179998827137
15.431740144700084,54.66170818840229,2,night,48.46403583366894
26.327058835104285,80.39167817200322,2,night,65.03096857917404
24.30464327030197,84.00138740388067,2,morning,73.63848394062805
25.561196521488355,51.20528275816309,1,evening,55.46550765311199
18.194462422633663,44.21223353846892,2,night,54.153169363905604
17.045572133801546,76.83153091463171,1,morning,47.917463962712915
15.218169985018228,46.48836213288817,1,morning,45.34520288199366
20.258813382098957,79.3568591108207,4,night,87.3640031182467
23.848765302819494,55.42429521892577,2,evening,77.79471538356952
20.883660676495985,70.05299395748823,2,morning,60.579908797998385
21.562123830355937,35.73211883008009,3,afternoon,64.84397158799152
28.562380417406224,67.43155948059439,4,evening,95.00099575057615
20.223832005349507,57.10606072423374,3,evening,83.72309312925995
22.709842337397163,65.19650779052844,4,night,77.31971156781346
26.754795191117147,40.0808524646918,2,night,59.12667989935252
20.948141734819053,74.21242469665093,1,afternoon,51.76431179582139
24.331300503418102,81.7678246525937,1,morning,56.37505676194467
27.93545563120118,43.00438800544654,1,night,47.327806639476414
29.242809354864633,35.7428733312097,1,night,46.605468658928615
17.20610221393557,31.418315162780182,1,evening,47.44740044019204
28.89881437742242,68.51829002659596,3,night,76.07846011254263
22.38174439619307,66.42564216532685,4,night,89.00915513550551
18.873665824484377,62.8018447628442,2,night,63.20463476917154
21.887036343573918,43.916825766958524,3,night,68.46433886435901
29.700488629282155,53.45435975433088,4,evening,88.608854610821
22.389271409893045,65.66858011117039,1,afternoon,46.44900559715602
19.931274154312625,59.80601153155016,4,afternoon,82.68394332781013
24.501012814750887,89.26713121289325,4,morning,93.41087973389239
18.602184281672898,38.18638515340399,1,night,48.120361065612556
16.13794992162996,71.70867324285562,1,evening,56.56167380382552
16.933195828659738,54.259126086257524,1,morning,43.59659246340539
16.920687584366586,55.69197689553688,2,morning,46.970516048217185
17.278540402684413,73.05586593949057,1,afternoon,48.59367445288501
17.082407589741152,71.54616907946217,2,evening,74.98790707160647
24.613121172048217,89.4753596221313,1,evening,66.8166915765225
17.728201265987174,37.703657367247516,2,evening,63.37759681917196
20.18500924985795,36.246578963049984,4,afternoon,70.01396278385491
28.45182614859018,73.46032902772447,3,afternoon,77.88429692372023
22.109424603943086,64.70321502038455,4,afternoon,74.72721985900856
25.013366077815405,46.44963999358835,4,afternoon,76.86762228515371
17.584798068024448,34.765162139339196,1,afternoon,24.266267821310365
17.88433528213006,35.13949497578583,2,night,48.54953534299086
15.613029243997183,83.6514524798471,3,night,64.74958414737702
17.53402594608247,41.512039483124575,1,evening,57.250597400712685
19.17885508547938,49.40229372693125,1,morning,48.297152424641624
17.655157264151203,43.59938413361928,1,evening,54.24074878199179
16.330538006355834,51.29977834991624,4,morning,81.1602336439497
16.809538066509013,34.1654305647656,2,afternoon,43.90981559856
21.911681520490887,61.14358745449622,2,morning,68.03573298617209
18.095005776086886,34.05675381553289,3,evening,73.92548685400523
20.46404791572113,78.0213904693417,2,evening,72.45566466256834
22.551259062822854,44.02272491462598,2,morning,60.16054774171394
25.35592242944048,62.400714876270634,1,night,45.86670811554326
15.589682097616484,82.80474525368749,1,afternoon,48.51369381727612
26.99115598363564,69.05264214283164,4,afternoon,81.1684220184688
24.418505842363615,61.977467193080116,1,evening,58.15760453878577
16.22638547923308,49.460025186922536,1,night,37.668412081892036
28.103679361601657,49.98011478349187,1,morning,55.16128945132502
28.813086007977198,70.1692173118914,1,afternoon,54.16303619570686
15.916169397822957,89.64836167327005,4,night,86.6151180426769
19.153164722208054,69.71035139096271,1,afternoon,47.63793094632444
27.09301919689592,63.46700504220149,3,night,63.48359460836581
26.223895355754877,73.83903061435477,3,night,76.61394365414098
17.76781529034566,57.91233673702309,3,evening,66.69633378918087
18.140239850050655,33.60854055604711,3,afternoon,58.80951186141212
20.55708154187073,63.73780895267459,1,morning,42.55830826257369
22.26784477786532,87.45751707032281,3,evening,97.30755750618354
24.27382157295444,40.51817654145958,1,evening,58.849177359788705
20.533704593546588,71.40029344923994,4,morning,82.21570928790267
21.938020741997217,42.05602131954339,3,evening,79.90435015513496
26.21206407200635,62.14966106838487,2,night,57.51935046918996
15.550248043358968,35.800586978803175,3,night,61.232697008670904
18.78655416516031,57.02225617549111,3,afternoon,67.49900610382106
25.70024378826829,75.36979973371476,1,afternoon,56.78116222091692
28.428102565307988,50.85429145433892,3,morning,75.83210621948952
22.67516163173499,69.89470346923308,2,afternoon,65.96845237053643
22.981702278979736,77.72699764738375,1,night,56.25256874783011
16.60758017009664,85.63066916876716,1,morning,45.71855365453699
21.711185502351817,44.078524911327214,4,morning,69.27891874817676
22.98925899682535,53.958954948558485,4,afternoon,77.0687713150016
18.637057554520943,39.14496079982504,3,night,61.528878888591244
19.038648464240715,89.5490101295025,4,morning,80.73300864760148
20.65926244656934,85.62005807545772,4,night,98.07403202381408
15.301067966665896,62.39742781683358,4,night,83.95173260465089
19.831187483747676,80.52199766258528,1,night,57.08278464261184
18.17172010494817,61.25747863632253,1,afternoon,47.82328794978957
19.912460282668718,67.41514128016559,1,evening,59.11972767587827
16.79643197728877,35.34746592696099,4,evening,74.2428634666215
28.357909211098423,75.31622522980848,1,morning,57.16122476708607
23.90388680331073,37.66280901811409,4,night,74.53954880780334
25.186534787167346,79.5640578151517,1,afternoon,50.25368186072106
26.837568579110076,76.92168526022316,1,night,58.16617195384647
22.476632983935858,72.52468186457858,2,night,62.21942580721776
16.303804321311354,32.169622831485725,3,afternoon,48.26375122071444
23.056598127278217,48.187701356719714,4,evening,81.68268441675751
23.802616770313186,45.78675419465057,2,night,53.56930697644355
26.18159211276495,51.60818444829114,1,night,58.011689677570764
21.47489319344519,35.25856480583031,4,evening,84.09778166114049
16.913704541933456,86.21746938186376,1,afternoon,47.6446852400264
19.256638586980866,63.22813444274258,3,morning,71.02694107340139
20.446234445979528,48.33145863948141,2,evening,56.986034870142355
24.688758619974017,53.818891024457,3,morning,73.90350188675947
23.56167457003368,56.83215243029014,2,morning,56.474859755014485
20.341450888467694,66.03566000163704,1,evening,59.513242501029104
29.797728731894694,60.94076566178987,3,night,79.81007730219527
24.086622290353308,85.16351839286504,3,morning,71.1565488201149
18.558401876039916,59.817808974349816,1,morning,40.238952704759946
16.526737089306057,89.52948088939877,3,afternoon,72.20421617974263
17.29288708776498,81.08549746470575,4,night,88.1639870383908
18.68936592576762,42.51063086144015,2,morning,44.50114184393164
17.410220598893336,85.83571287863498,2,afternoon,50.29504617248432
17.798505360769585,36.98198387312856,2,night,47.738053550278366
19.276427530407705,79.04698250947149,4,evening,96.1110125175999
17.60060392942132,52.837397608594806,2,evening,70.65282999598325
28.451481369396376,82.67845922670418,1,afternoon,56.71347164228244
16.203506184924635,82.08340140644702,3,evening,80.66964047881642
22.86767084355382,78.35552400705727,4,morning,90.70999629517283
21.155952404844925,77.40182617842368,2,night,54.44981555747246
29.735679253629094,48.280748345882444,1,morning,47.40946025466423
16.680583532520785,34.85515698307513,3,morning,59.74895831080822
20.967833985686124,54.178810725909685,3,evening,78.98365381704114
29.54205649913053,40.41147089919052,4,morning,74.34543605336802
27.982606888409705,71.69706533414771,4,evening,95.67262810297836
27.256081064239197,50.76598359226713,4,night,66.41619884273479
18.8685424056741,88.53661205159489,1,night,52.70401275664627
17.563313810850985,68.45832464071992,1,morning,51.58669786041381
25.029648298866466,79.34883381806165,4,afternoon,81.40800412357834
28.94063983691379,37.95148036451091,2,evening,66.15068513575815
23.351443395208946,81.72086893635736,3,evening,88.42634488252517
23.574190342048496,85.36543143080365,3,morning,75.68397859597651
19.199686404904263,59.22371512913615,1,evening,58.21927659617583
26.542393997879053,66.37517626505866,3,evening,78.37008705203407
17.80565622836285,75.88858805417973,2,afternoon,60.63634813195511
19.855188546063655,40.49031763562475,3,afternoon,65.12577041166537
21.38154657924625,60.15396458780654,1,morning,49.52182747080726
22.614155680266826,53.919781666338785,1,afternoon,44.550355992215366
18.636145986226204,38.782439529734944,2,morning,52.07388687348755
16.722552371088053,52.05206533749188,2,night,57.54994473997468
24.159300636624486,34.09033856312961,3,morning,52.057045494363734
19.329458298603836,31.54871441696922,3,night,64.92471379917217
23.718573321339186,38.109977349289366,1,morning,41.61100617205104
17.315440729113035,87.78690669535044,2,evening,77.12124203936281
22.217101527822262,62.97177215370102,2,afternoon,65.98631702824757
22.98884148827379,87.94932966919319,2,night,61.020851158742516
15.777353052336403,55.94987269980792,3,morning,61.12643332397284
20.049064172908807,48.70896798511558,2,afternoon,53.19447900261056
17.016220154084614,60.36851177041464,1,morning,42.699896002544556
15.950624557091515,56.37070131797461,1,afternoon,53.56120555312218
29.84940348584918,36.33988105570464,3,afternoon,61.54280559050202
19.835307674620843,68.44957888141238,4,morning,77.67479360429981
27.148116687819524,42.96229095057598,3,night,67.48469078709743
18.819609821456456,67.17527729386978,4,night,73.55164046850871
25.22254083335894,69.01206554388921,2,evening,71.33648652106491
26.403417898345296,39.12149118771889,3,afternoon,66.5254226117392
23.934581109117666,33.680977626640086,1,evening,50.4072818206383
22.073642828252375,76.84569516410639,2,evening,73.62359566885837
21.177613712209027,57.588025426159206,1,morning,45.218553921710416
20.23302399814493,33.48982773032855,2,morning,42.5911087722672
28.94293716371739,89.69197903018602,3,morning,82.9870283476107
27.459291116815937,33.466833659782,4,afternoon,82.54436101457877
29.47540365999769,71.7021137315132,2,morning,66.34034410337
16.864458352283172,89.02073551580482,4,morning,86.26477041712079
25.963012128054665,44.350806252955536,2,afternoon,59.75036171549829
29.075106852315567,38.53496212123177,1,afternoon,39.751389579793816
17.718495992484904,37.283096365345735,1,night,48.5567501964942
15.997444010501663,48.196508854055736,2,morning,53.46931864358156
26.116809739350884,36.0627486606388,4,morning,82.03651396331263
23.617096697698678,71.52968050164792,3,morning,69.60228752172375
27.62743165137408,33.73750788780376,3,night,73.02527780481729
17.096585649394342,60.56532768898738,1,morning,50.5936686015673
26.929009677898353,89.8018112311786,3,night,83.17024863756455
18.024409800716167,78.83821617036114,1,evening,63.833792023232164
17.454839142985566,66.91316629386066,3,night,67.55872636927873
17.463986968964896,48.3752172471967,2,evening,69.24721695101083
27.21862080347073,67.43375017749831,1,morning,54.54123480422509
24.977958310443,61.6224878346991,1,evening,51.14037698769547
22.84598137153679,55.565003033422286,2,night,52.50655928726007
20.382457261852537,37.84262260441197,1,afternoon,40.614786651286124
28.158008112196626,83.196252914428,3,evening,90.5878748462545
20.88667661133953,56.98707892927935,3,evening,77.25651953995408
27.248991592073658,41.6773507092459,1,morning,52.22255495777891
21.587023628553276,52.06556105263738,3,night,56.657670809874716
20.65416644137361,54.84778515173562,4,evening,87.49935844873329
21.940196785044098,79.65227373401245,1,evening,55.77588438579002
19.520668112462133,74.01686283368412,2,evening,75.76395438375715
26.214140702643768,76.15829361848039,4,evening,95.48226486465597
22.540805851387187,30.661875865718834,1,afternoon,42.567015545529834
18.48319042720226,54.96923989078569,2,night,51.412952377888004
28.493618599118527,58.88064909811942,3,morning,78.30832868728383
20.758368320598173,31.151536609383403,2,morning,54.93326846340836
23.15329291670983,45.58879252470206,4,afternoon,78.17100573082497
28.597081664468206,75.6173893873281,3,night,76.33617141411533
24.36356993870988,38.22658234373994,1,evening,56.54904609895258
16.75347061062546,62.1186078871555,3,afternoon,63.47785483152264
29.097481854202126,42.91211232103425,1,night,51.700152918514895
24.415620796071266,30.727246478633596,1,evening,59.67338881324532
20.023584219856293,44.472087455972485,2,afternoon,58.706471146615826
17.08908108995081,88.55242529460322,2,night,61.462255784319325
26.91037783905444,78.09222671297937,2,morning,68.68994351978655
24.301091338927705,87.574598659262,4,morning,81.95721754844921
23.001916379644825,59.27124263558174,4,night,82.14428253637531
28.408388745764363,36.584171920650206,2,morning,57.432463013389935
26.82895816836796,62.87756933842158,4,night,72.92866818804963
17.275123195991267,57.26264007359765,3,evening,70.0074344005131
19.675831016933223,80.66142496437695,3,night,72.62064851406086
18.727337097216985,35.88495484705467,4,evening,78.62485626702077
26.159194388590155,59.29446822130669,4,afternoon,74.82055298359306
15.502986521036691,39.00291988163906,3,night,61.39726287177098
23.54834527306975,49.480555613403595,1,afternoon,47.87570736525851
26.43688028611036,74.24142464326798,3,morning,74.51952187614299
28.151484551426243,58.56108776212599,3,evening,77.8651111035591
20.131226230738612,52.553297108746165,4,night,81.07513788007597
27.318859570080193,53.66857671420212,3,afternoon,78.03703836474222
16.65947605432811,57.5668061043592,4,evening,83.18197243923913
27.696784376017774,77.10099263022342,4,evening,93.91785539130181
16.912329934979738,83.52508133641406,2,morning,65.96972769547408
20.95930935840551,87.3200811902357,3,morning,74.88553213753853
26.959430486693304,77.2142031753177,1,evening,65.94699019262579
17.24876141023161,48.924413744880766,2,evening,66.99997058720339
18.43877092848962,71.28808236519254,4,night,71.05902973626611
25.833788525895994,56.25618744332351,4,evening,96.3852621202084
25.800548048191118,45.28023732276307,1,night,46.84774784257119
24.61721449327946,80.45229476555537,4,evening,94.38682995349544
25.4092266670065,32.3055809377395,3,morning,61.95011684371785
23.140866650213944,84.1057195281254,2,night,66.61429595864719
18.77698588360429,57.68864787748405,4,afternoon,68.03908078782274
20.18543990255879,68.23208860849682,4,morning,88.03703767109462
17.723965752021385,69.56123533234697,1,night,49.93698163706787
28.626758420004425,83.70706444239218,3,night,81.64050919495673
23.75087692149181,68.20018093003245,4,afternoon,87.09324159262584
21.0127712514546,66.8360150856037,1,night,45.451377863606915
21.93008705466199,33.999122433641396,4,evening,83.53213975259956
29.20925009417723,61.104481316712246,1,afternoon,51.597763987608324
17.3002710467412,39.010140049022496,1,morning,44.58703141415982
23.793447480251956,74.24602612328914,3,morning,63.534394475355235
22.58833018326699,60.73331524876047,4,evening,89.0186881650553
24.171813531519717,70.8136667525012,3,morning,70.31590351259041
15.271652757312607,32.50037403614306,1,night,39.54725334267
28.081858634162273,35.087520962748194,2,night,56.917406542746605
28.981774237254186,72.97940328376094,4,evening,92.84657862964524
23.476997753838134,34.325060159920405,2,morning,48.47514760401497
25.449762358153386,34.27540366591552,4,morning,72.4541754360647
28.837490717659435,30.726508514093247,3,evening,69.15348677648164
25.608579514700978,87.39008389796881,3,afternoon,83.23123340400176
17.28808564371392,74.25050156754043,3,morning,69.07315728988186
23.644325402502197,51.19508451012385,3,afternoon,52.645746957680046
24.100725695742838,47.792134877259315,3,morning,64.51389302794017
21.36196006953579,50.982193784750976,2,morning,50.782919065973324
26.046663534370843,76.47921187087091,3,morning,67.81071625114197
29.01550522153522,69.68223666422486,1,morning,49.2252904189222
28.883527693601643,41.11173407204808,1,night,47.322326427580094
21.76259057106198,40.44656012004506,2,afternoon,59.658467462785666
16.69857068761133,35.90373898280384,4,afternoon,70.68632940797171
29.77261798443502,69.61816318208028,1,morning,52.7392410057629
27.583471296689012,75.86235973330416,4,morning,88.82996454418927
16.869940218049003,45.90278569950024,2,afternoon,49.91035426777962
28.812628239260583,31.25669766185477,4,night,70.31032157237101
28.048445430931924,34.93030004858564,4,evening,78.73149938887673
22.78257085689108,88.07160209070183,4,evening,89.0536220218975
23.86913153617394,47.72668664864521,4,afternoon,74.3029532298833
20.985040558051953,76.15338887028801,2,morning,64.12880438971304
15.82142458233047,67.47981413125584,1,morning,47.671538180467536
20.027958624688516,52.91637837917375,3,night,63.809058186359586
27.042801728970172,42.341235731733306,4,evening,81.49504128052118
15.069480345069042,37.283185089564384,1,night,41.760926657828676
20.002487575367162,66.900778082332,1,evening,53.48581761265025
20.97253040386415,76.47802683826728,2,afternoon,67.30981282262964
23.060934044068844,68.63425521246785,1,evening,57.109658491141154
28.797834246191407,61.8181279949495,2,night,59.18217933481537
20.19518991548942,32.517073405898174,4,night,62.51879102643577
20.204298028443414,88.10932665566303,4,night,84.02793627649243
26.062518721646228,77.92285149927447,3,afternoon,81.28467710299535
21.783269113347107,47.56932220205788,3,evening,77.74057165951069
18.369072344099727,88.79821976153104,3,evening,90.71611266064936
21.7865927419904,66.11289537817933,1,night,53.337877714118676
17.112855305696996,64.94535949243479,4,evening,82.5216863579271
17.64580479759335,74.88439076577193,2,morning,59.634273506890466
22.475516591092195,78.70618728540825,3,morning,70.94861883558126
21.28388174256822,69.38871643989016,2,morning,68.11143032344636
28.7226885160215,37.685744781972005,2,evening,59.6831244604708
20.435908486749497,50.296050359669906,3,afternoon,69.77525779822128
23.70882525417065,85.685018419563,4,afternoon,92.02468750349807
24.483964318792957,43.476936710631115,3,afternoon,74.43316418116625
15.196416848825004,52.330021430250795,2,afternoon,51.24878189034026
24.953060580250657,55.92461297665176,3,morning,72.81552498102167
17.67053950304627,56.36429938166713,2,morning,67.15281874871748
29.416054762041828,66.77637494967152,2,night,61.65273148125389
17.229940916296695,86.58455026468246,3,evening,76.91513429989129
21.219361855905355,44.4415627099503,1,evening,44.54209957139895
16.28024502117966,37.290082578055085,3,afternoon,62.890707428313014
29.95311377768921,41.848229391596234,1,morning,38.11527466603056
22.532925154968638,83.21549401255618,2,afternoon,64.36951551656156
23.930775259800654,68.74864875931236,2,night,64.77654819288884
16.006147160826412,47.15440735434961,1,evening,53.07527347086766
26.249407055987668,78.95681633811704,2,evening,78.9389727503498
18.148583896433784,81.68219978180616,1,afternoon,54.69040116176301
28.470814341610705,80.79086032141669,1,night,64.86699433379732
18.07709460723011,85.13559201837327,2,evening,69.81764300543306
17.860315809954997,45.134461210401696,4,night,69.08552057580535
15.548245017721424,75.3025157247767,1,night,46.5015799999396
22.08100417664999,57.632369836448404,3,afternoon,72.48117209857257
23.472616998939245,80.5199131734037,3,morning,80.39427539346605
15.985629591425285,73.70944062969679,2,afternoon,62.36177358121422
26.63291425042516,76.58684678998347,4,morning,92.20997949665725
21.799332521220414,69.36971026086428,2,night,55.82037500198759
22.8658540399137,40.645726168182414,4,morning,81.96276542816727
21.611441204073422,62.7016151338163,1,night,57.23239825074289
21.01144591312989,89.0801843714705,1,evening,70.90788825423483
23.394604969623266,86.24328398982713,1,evening,76.47928222561507
17.328603688960687,32.5904241478207,1,evening,40.158313050437684
17.728921957429066,39.888888943766226,3,afternoon,58.20888698053114
27.92678431520276,37.903726407273716,3,afternoon,61.657992776373725
29.19173193200449,73.55879459911773,2,night,70.27090096452429
20.599639744196296,79.0671197914167,4,evening,88.76925211151243
19.06117009715331,42.81068197864032,1,afternoon,46.16126538885617
24.659993148585237,60.351161577109735,1,evening,67.28802576740911
21.131012566471448,80.44218168067201,4,afternoon,88.17417528785732
15.380795334905173,73.96809268597504,4,morning,81.2995805915526
17.342288960492855,62.5342323295109,2,morning,52.49204747459595
25.739583432710965,65.42086142752638,4,evening,88.26179531398657
24.88385912865227,60.5016328149768,1,night,56.84051393530251
15.406439887552253,47.85290707912924,1,afternoon,45.95583708704156
18.329582428994243,63.90131957154097,1,afternoon,48.14008948907169
18.46612194882107,71.33311812300545,1,morning,48.54344868248271
25.078391153980924,82.39937495164847,1,morning,47.12996869692812
15.295658066315463,68.1774812387549,2,night,52.74681131136201
16.561628729768607,75.66729222258948,1,night,60.53809746735976
26.99874128059784,39.60429809727438,2,night,48.9783822144689
17.678169930815002,57.693448465187394,1,evening,57.09451861106912
24.791191617778118,30.559897189625598,3,morning,66.60078483175273
18.572741715700896,44.80073187129738,3,evening,66.45197707922821
16.491620891390177,73.5877029067803,3,morning,71.2456736916346
18.64758286499181,89.5085970809618,3,morning,80.86594824433773
25.83400397783489,35.95068597523296,2,afternoon,53.764704391023585
27.835447021594284,54.08965895167729,2,morning,74.48663647463417
27.453297968504874,78.00425812194956,4,morning,78.78493012644633
20.957752944276823,42.24213807773393,1,evening,58.445160544877986
25.021277048559693,63.30509695813718,3,morning,70.63815892473869
18.074764431237313,73.98427776178049,2,evening,75.09226631833619
19.3972159539152,66.95912701561073,1,night,51.992881840137045
28.445037277816795,41.28148407692497,1,morning,42.9411828764359
15.195028852661041,51.323074121144366,2,morning,54.13941862497054
16.28262796281702,77.02750706912383,3,evening,71.96005884515421
18.11829382719041,63.253590847921,4,night,81.05146167082847
15.397983058107295,30.313776812574766,1,afternoon,38.2839169027787
17.721531526346958,75.65944560168563,4,night,84.75190028689468
23.745623414545385,32.118681296414344,3,evening,76.79900772163275
21.321368258887468,74.74402696387392,3,night,74.92199141965446
28.390075666154623,42.14883360991425,4,evening,87.58013501504297
27.261653426076613,87.48440880716282,3,evening,85.47080767188069
20.12726027546814,52.07644507812507,1,afternoon,42.12545984292633
18.891351501469387,49.615896980284745,4,morning,80.26411794570676
20.695386122509003,38.93328301994668,3,evening,79.2093549957684
23.854424137722116,48.33625292941289,4,evening,85.23753576612467
19.020954612343143,82.59904570969204,1,afternoon,54.52020475534555
24.36223361773701,89.78006025763483,3,evening,84.59206301119012
21.141174782868607,52.098571830410904,1,morning,52.063943166894795
23.2807077127797,56.916637857272555,3,afternoon,72.04242933203052
21.541897937029752,73.32425629216422,2,morning,72.47431303848289
19.416986393128767,83.17174682790447,3,morning,70.26840185903703
29.22679960443235,65.58266005120706,4,afternoon,82.3981583224872
26.454086912396413,53.491541890669765,3,evening,80.431735636027
17.101697636496787,54.75731045091742,1,morning,48.21048964215247
28.027019638468694,71.73708878980841,1,morning,54.45629826843871
22.311467973742705,30.193095816256722,3,morning,55.84885727947987
28.418283403411372,67.17536024759045,4,morning,88.76878742060067
26.997828839209728,51.329580626481444,2,afternoon,62.5034654202772
21.3782025670385,77.65183987662505,4,afternoon,79.40328274368814
15.337039624801761,35.57943838938793,2,night,55.119565334744735
19.030160390774192,65.29213601690343,1,night,54.95371454644114
23.124513219913005,58.858373393167426,4,morning,79.89125111414569
24.50217329739221,68.53953155431364,2,evening,73.21093542687038
18.868315281498035,33.8912156689781,3,morning,62.371811197021984
17.09034111109236,64.79902724568788,1,evening,53.67636337797125
27.523953551989486,63.689075277571426,3,morning,73.01885675508659
29.766032710553283,63.639605664970254,1,night,43.21298033172182
22.885352734540287,66.20925999578729,4,night,85.687732593521
17.57518928772455,70.58807623358173,4,evening,82.1565514017275
19.084609897790536,78.29933998084618,1,morning,60.54920608529412
15.275860148212,46.18924320769286,1,evening,49.84410256658161
28.714482098407487,79.50296461080373,1,night,57.14979552278898
16.766266243352117,59.89534093580722,4,morning,73.2130658719957
23.647747132713803,34.62349674805987,2,morning,50.77072822116448
19.11082831030809,33.51305575463875,3,evening,76.70198760728586
23.3126700377369,50.05429912176365,3,afternoon,54.23358147272215
24.771305825277963,77.09381862668806,4,evening,101.89862543108634
27.446127055608024,72.46085608445495,3,night,77.15143775864904
18.09631907640905,77.31689788034438,1,night,46.20812066302176
15.164937429877208,61.03614338649656,2,night,50.516749765641386
17.05328445103211,56.41193987732943,3,night,73.8321893247559
28.500279627721575,38.84715160237704,2,night,51.17675089486024
28.108351163437728,49.69156521655869,1,afternoon,43.194892593706676
23.961196532554624,56.04116197043251,3,morning,74.4795195692307
24.0077529065048,35.31602578077703,4,evening,84.29144856891507
24.97555011819383,43.236717162672676,2,evening,60.76916232521672
17.630569179351745,65.89351764382434,1,night,49.66646475984627
28.7161791888744,74.1397868543514,2,evening,71.47126223254124
21.281557873381097,89.90085068357698,3,night,83.11514113387666
20.747077923742463,85.98679988061346,3,afternoon,81.47643375042094
22.783765579242562,68.5539119721115,4,afternoon,84.61808737536444
15.704489501625826,55.27488319764432,1,morning,46.243015016341296
17.49425053134119,68.17064188249395,1,afternoon,58.00425845475565
26.070504246395558,77.13909708481393,4,afternoon,86.17541288558307
16.241980018876898,37.10017145540324,4,morning,63.341670818955414
24.047281641995824,54.59429338177729,1,evening,60.649298399692626
18.680236645219814,80.38813713813704,2,night,73.88679471173658
20.839434210629648,53.02997711598264,2,night,51.254912774180355
19.330406051560498,64.31233627363119,4,evening,87.15159007439966
20.335090746974238,65.26616165173189,2,morning,61.82962405951395
25.785688577763683,41.06857518801836,1,evening,54.94389260025865
19.456825734347625,51.734126499137304,3,afternoon,60.337132915028434
23.49606960445346,50.07067732451593,3,morning,72.37852728073386
22.140756032986495,31.571802511923888,2,morning,62.14212238015671
24.955067480439723,31.451505833481313,4,morning,72.89364278538379
29.05244608987137,79.9018226205464,4,night,83.97642838241961
25.988581458153753,46.38424859836874,4,evening,79.16476268332013
18.224105678861353,61.084725974328926,4,morning,78.72735053783526
15.46774702591927,47.92353441532639,4,morning,77.63032055413885
18.933960664497377,86.44075470692043,2,morning,67.77504547680172
23.926168960503823,45.55780553194643,3,evening,75.61840693524157
15.771387202263755,55.779408764336104,3,night,61.67315797148618
22.445493708018546,82.36381502907611,2,afternoon,60.47107319914166
23.952642733753336,80.51601400750852,4,night,90.30488220075364
20.01365836225441,41.16608507077664,2,morning,56.92551280928812
26.56368305618733,78.15859858774263,3,night,69.00077217096278
16.59897379700658,57.49121320427356,1,night,53.49604575068878
16.127066726037132,58.97813232512131,2,afternoon,58.62732916502496
25.92283134305405,38.00879834495663,4,evening,91.36202840074299
22.432369743092977,34.836090825427476,3,evening,64.95637337674916
25.32603594641604,73.6763584184259,3,night,67.9368047216586
21.522410079056193,59.787669141317984,3,night,67.95265923308702
18.6960304985866,56.21104215691077,3,evening,78.7252500308425
27.286534765112997,73.7704937191438,4,evening,104.75621961293446
26.991238184534687,75.93077393946658,1,afternoon,59.80524584318298
25.4204470628164,39.53449006016122,3,morning,63.3571641653964
19.08217705844944,66.61350896865848,2,night,54.393295181492796
23.853460003036307,38.12124493666113,1,evening,59.513106346112245
20.414608454100403,75.08250516174274,3,night,67.90852864681946
16.373731099899512,69.41730937602837,1,night,57.154401136619875
28.75970363193364,87.39687726500748,2,evening,79.17699174743652
17.052279463784423,34.13748098138527,3,afternoon,66.72029438939705
29.253560307312036,33.423283269075256,2,night,58.04842158467498
21.690086594369337,46.93122448159201,4,afternoon,74.23943319444997
